1660fe5c81c4ce64a2611494c439e1ba,,
dd94a5f9059f30fa92ab9c5d107788cb,,
26cae7718c32180a7a0f8e19d6d40a59,,facebook
417432b93db6d7654c9612c2cc37dedd,,
23ec24c5ca59000543cee1dfded0cbea,,sheep
e10adc3949ba59abbe56e057f20f883e,,
4060e28193d36aeb17dff58ecd2f4e1d,,
3e4f2b8d612f26bb4f26fbf3d958fa00,,H3!!0
981d304c3f23f463adfefc42028f7f0c,,
7f59a125a3f57ff02c3691b7a829b837,,
f46565ba900fb8fb166521bd4bb6e2e7,,
5ebe2294ecd0e0f08eab7690d2a6ee69,,secret
5f4dcc3b5aa765d61d8327deb882cf99,,password
fc3b604ff70fb679bdb03ef82427a419,,
c0234d550092e8d9b2f42d27f7db0c15,,
2ab96390c7dbe3439de74d0c9b0b1767,,
72b302bf297a228a75730123efef7c41,,banana
8632c375e9eba096df51844a5a43ae93,,
3f71999846f908ed9897eeada2399c95,,
7d9ad0211d6493e8d55a4a75de3f90a1,,
a5c9b509c134142fbfe0276c22ffa4be,,genghis
d8578edf8458ce06fbc5bb76a58c5ca4,,
e10adc3949ba59abbe56e057f20f883e,,
72b302bf297a228a75730123efef7c41,,banana
342f5c77ed008542e78094607ce1f7f3,,
c3cb0e6b73ed4ea1103257ac539a015a,,
91546a5fca4feda2b837e4ad3e38fcb3,,
f30aa7a662c728b7407c54ae6bfd27d1,,
4e7e00ce3e827e48d68f3309dabbb1db,,
df77a58e5fd82336aec7365b36ab95ff,,
827ccb0eea8a706c4c34a16891f84e7b,,12345
6eea9b7ef19179a06954edd0f6c05ceb,,
4297f44b13955235245b2497399d7a93,,
52b2d1ad30dc855e46a484abb180d325,,
912ec803b2ce49e4a541068d495ab570,,asdf
6cd1e21cf8e989f9fc662c40b0d80294,,
0832c1202da8d382318e329a7c133ea0,,cats
482c811da5d5b4bc6d497ffa98491e38,,
60411a034de00aa34800cabc37a9e4be,,
dd7ee3bfea94a9af1d0495e3e2efd339,,
82210e61e8f415525262575b20fae48d,,treasure
c37bf859faf392800d739a41fe5af151,,98765
79464212afb7fd6c38699d0617eaedeb,,television
58b4e38f66bcdb546380845d6af27187,,
9443b0fceb8c03b6a514a706ea69df0b,,donkey
7c6a180b36896a0a8c02787eeafb0e4c,,
c822c1b63853ed273b89687ac505f9fa,,google
ab56b4d92b40713acc5af89985d4b786,,
8621ffdbc5698829397d97767ac13db3,,dragon
fe01d67a002dfa0f3ac084298142eccd,,orange
0c5616c3772c470c9ea847e3ce4079dc,,
b497dd1a701a33026f7211533620780d,,
3f7d43553778f28cc4f2ba00598d0653,,
41fb027d1c23536f9e0b2dde019e1a37,,
6ee20298b4f899d0af9f7f04b342f332,,
e99a18c428cb38d5f260853678922e03,,
0d107d09f5bbe40cade3de5c71e9e9b7,,
463ce859c76afb3b13b40298c2cd4683,,
d8578edf8458ce06fbc5bb76a58c5ca4,,
b13842a079220e73cfbce551dc89f5d5,,
020d69ec2ee5b3f192483936e2c7f561,,xkcd
0285a6aa6d58842585dcd9181d7f9f34,,
7babea040123565932f751d938efc5c5,,
72b302bf297a228a75730123efef7c41,,banana
dd4137338f84fd1252351375305b847c,,
efa88170397c87c264cb471f3cf86e6d,,
84df077bcb1bd39ab1a3294de0cf655b,,skeleton
039624cfe1e84d7e717bd92767a8de84,,
411a4e3340b98b1151a43f309f78d6ca,,
08e46cb6106b18786761dcea49602cbd,,
354754c0925e6bd6338f4fbaee43e87e,,
cf9335aa407b76812d6fe661de163756,,
0239181e4d9c76a12e60675013ff4376,,
9c0192571dbfb2c3a822dba9cab7d934,,
ac33c7d806f98d4e3f91240c6de301fd,,
887f219f4cd6af1af61d20b687fed01c,,
8f4d5fe00d95218527683d4df55450de,,
57e507f55beaf31e85f298af9b3d6bb4,,
318e2407a82f72b01d61ab1c52a719b2,,
482c811da5d5b4bc6d497ffa98491e38,,
6c738ff398cdcf37fd0280dd72fbef6f,,
0462ea952b3d43073bfa7969d092984a,,
f4b5ad38c48310e80be31c9f74a3ff48,,
65f688749305a936a5964de0dd5f2a7f,,
59cae021a199e3a109d4e1d4eb06f454,,
b9cba343ab1df65293bcd23e668c7179,,
af27d1863513c3e2b8490500f8ade244,,
fb38ab49398741224bca4259a6094c24,,
f8cacbcdcbf93f6238285139e0f8284b,,
1897a69ef451f0991bb85c6e7c35aa31,,
a0cc3ee999ec0c60dc75ebb1448e2aaa,,
987dce6fd25b25c278ceb48b23699dc7,,
fcf0e96bf3ff1ed9d6c81be0bb0b40ee,,
27cbe79bb7c9c14ac8bf2a5c1ee76d04,,
d54b17e4795c706a6738700a548df92f,,
3ab30dfdf113efe9b719ce5763d75446,,
9ded7fab83986b60bdbb4a75dab019bb,,
700055094032bf4942fa3f670d5330f5,,
3805248410673a8be6aa4807e61fb5ae,,
f5eee5e40d79bfe4739b964df81d68aa,,
e397c0aef7d112929a4b9ffcf97175e8,,
53fe99e9c93fdd5fc14e296375b85b43,,
a4fd541af85b974d450320402875531e,,
8b2d6d8c68b069ea1c27308cd4b3d3ac,,
57665cb246bb3606ed0e67a717216fd5,,
1e46805eff2b78c440e88cd8d4cce788,,b1umua
62a4561c731e19b63bc9a4929bbb5f87,,
c4ee758b17ed3c864d27b436fc46d65a,,
ade19e33351c5ef7923b0fcecac5efe8,,
d8ac58762deeebe560ae4b239cf224ba,,
cb6343e0f08bd6526dcf7d56509eb395,,
3d5cfea66d40e5446a3ef7737398ac2e,,
dfd6ea93226701b6d8789e4988f0d400,,
0b47dd2352d12f5bce760ddfa2ef7849,,
4873cb77ec54c0aa1ea6ababf03bd774,,
b419e81184e9492a74d9646e23ebc82d,,
b00ad229e995d970090791de535759da,,
dcfe89040ba34e8ea4ffb04966e04f04,,
3678aa3abfa400f91e7c479d55297801,,
b4d9643d3127ab1919479bf6bc2ffcc6,,
347cfaab0130261f134e9593c85caf93,,
33763c34fc1e569ce2b641ed9a04ca4d,,
5d3a98741b06dadba34d660991402b34,,
d1fdfebfd5a4fa30644a40c042856e87,,
5beae3175f8053dc669e48d49fc6e7a1,,
8a8ed1d1160152f7656f5e823a8bdffa,,tr0mb0n3
696d29e0940a4957748fe3fc9efd22a3,,
4ece57a61323b52ccffdbef021956754,,
2741f0a592772d52835003128a900350,,
4dbf02ad3ae25f2bfefa5dffcb07d326,,
37e2542cfc084f9b09e4a5784c9dd5d5,,
d5af1d13cfbcc5e08796f09da37ddc2d,,
086c81c86da97635a1c5d794c58ebe42,,
e8cad2e8ea1b3c46fb7cb7a24b4b9d6a,,
72deac1f7a7b70ead34b017fa0676b9b,,
f8afcbb8bdcbf102d3e37f8f3d7c51fd,,
9248594c406a6227cfc0bd7758934481,,
1b5dfb38265b22ef8c38ab2a76a3a279,,
b237bf121a03ee0411489c007fea765f,,
b303c8c8dfb2589c50a615e9db9e811e,,
60e0f1f8487f68ac0ebccb06f2f66097,,
c45c858d9e8eb674a5410115e739372f,,
49eb1c1a4059a5603c782374e77476bb,,
ca0c9e4f47ace3423b150207f49d4911,,
5277e47f8ec27676839fba3b338e7018,,
a89e4be61578a16df2d014dbd440c347,,
11da7a4c6eba19fa137930f24c7c4f51,,
08c57f10c0b4cdb7055acf699b74b16a,,
46951dc783ce2bd02fd159ce2e4dacbf,,
0e68e4f451002f80c5410dac65234e29,,
40fa01bf9392a07f28a870c8a5fee0c2,,
7501038da9bae65e944015f5422fd3fd,,
7096a33da942baa280ce0bab31c05b31,,
3351bf1ad75464b0c47f6ef37a1ba235,,
49baf6497508a3704390971d4ac36ce1,,
87031f62b5b117abb50e06e194a06fb1,,
60abe3e25b19739b3a213f2646183a77,,
7ceb6e2e526d5afbbb1d3408bf78fdf4,,
4c9e1bb910d7f920ef1d183e727cd5f1,,
6e3fda160177d8713a3b99e4011dacdb,,
94cc560f9e8a807c20ec61c7847a894a,,
e7c579f907a05a860bcc32a1ffc53151,,
ec38a5ff9f1ca06de56d6b78a7b652a2,,
be205c4ac2cb29e7ba32fc4ff5ea4c8f,,
129ff995a99729add39afa4a20cccc6f,,
be2b792b0264009a9106d27abe69ded4,,
8675d4f60a6dfe9c47e396a03396cb40,,
fa183958a7e8185f9dff7d7df374e27b,,
4cc2012ab57f76bb2d95b6dbe0cd3704,,
c879445039f33db9e9fa53b617452a61,,
dedeca92b17692f936482475d764d492,,
f97de58b16ffa2b117dbd69b034e4ec3,,
22f37766ba7291c4209438a60b188040,,
838035512013076935bdf26c70895458,,
e8991a5719935375057be9bd4148e801,,
8a597e2b486816c5ada9cff9a442b576,,
bc1eede0465443353543c9c7c7a6d692,,
f78f1b9a29bad190bd20a5b8a22a16c6,,
379b31ee6ac95dc58c3ab125d6b61abf,,
cc74c1cf76412cf024b84da7254ecbcd,,
5b3294dd5bc8345e63dc0a27ba74d256,,
afeca1e6da59a4f9be02cdead6a354fb,,
368833934f1899896a1842cbf458e389,,
08b908156ccb4538642b4c6168525fae,,
b600b79cd02be71f8a9e6844758f7ca9,,
007b046e53a5fddd93b5928e364c6992,,
12a79c020fe06bc95fb1fa68ae89a449,,
c8b0fca2c59d9198b641ce60fe9b501b,,
4c4a3b7bfb346f592c29ebab46a71d85,,
494702e19191000c0b5b6003751d1b7e,,
f7f642c65faa83ef969b3ee90e584a62,,
e63a20cd507d53220d93ca56db89a8e8,,
e9f5bd2bae1c70770ff8c6e6cf2d7b76,,
54d41b73b01bf33a360767c53ab810de,,
e9f5bd2bae1c70770ff8c6e6cf2d7b76,,
3010ddabe9259722bd2139e6da9662da,,
de14e7bdf8783c605f838f43f3de42c3,,
4ab3e94bcfc3ef0f771d2417a8b7c8f4,,
a777f85bc94d6a6b2bb0f56acbfc4306,,
d9e440d2ea18d945ec15a93e13b14d17,,
432a6eb1cf130409982b24a4c6934b66,,
